{
  "totalRecords": 4490,
  "totalSpamRecords": 606,
  "totalNonSpamRecords": 3884,
  "spamFeatures": {
    "conditionalProbabilityMap": {
      "code": 0.04276315789473684,
      "tone": 0.07401315789473684,
      "line": 0.05263157894736842,
      "phonenumber": 0.9539473684210527,
      "for": 0.26480263157894735,
      "box": 0.04276315789473684,
      "your": 0.5361842105263158,
      "prize": 0.12828947368421054,
      "our": 0.1118421052631579,
      "now": 0.2582236842105263,
      "contact": 0.07894736842105263,
      "claim": 0.1611842105263158,
      "from": 0.18092105263157895,
      "text": 0.42269736842105265,
      "free": 0.29276315789473684,
      "reply": 0.13651315789473684,
      "per": 0.06414473684210527,
      "win": 0.19078947368421054,
      "cash": 0.09210526315789473,
      "latest": 0.047697368421052634,
      "nokia": 0.09539473684210527,
      "a": 0.5098684210526315,
      "wordwithletternumber": 0.7697368421052632,
      "new": 0.10032894736842106,
      "awarded": 0.06085526315789474,
      "18": 0.06578947368421052,
      "mobile": 0.15460526315789475,
      "ringtone": 0.039473684210526314,
      "i": 0.06414473684210527,
      "guaranteed": 0.07072368421052631,
      "draw": 0.05263157894736842,
      "my": 0.01644736842105263,
      "call": 0.47368421052631576,
      "150p": 0.04111842105263158,
      "money": 0.4588815789473684,
      "stop": 0.15625,
      "service": 0.0805921052631579,
      "to": 0.9226973684210527,
      "landline": 0.05098684210526316,
      "150ppm": 0.05098684210526316,
      "customer": 0.06743421052631579
    }
  },
  "nonspamFeatures": {
    "conditionalProbabilityMap": {
      "code": 5.14668039114771E-4,
      "line": 0.001029336078229542,
      "for": 0.10319094184251158,
      "phonenumber": 7.720020586721565E-4,
      "box": 0.0012866700977869274,
      "your": 0.13664436438497168,
      "our": 0.012866700977869275,
      "now": 0.05970149253731343,
      "contact": 0.0025733401955738548,
      "from": 0.0319094184251158,
      "text": 0.020329387545033453,
      "per": 0.003088008234688626,
      "free": 0.012094698919197119,
      "reply": 0.009006690684508493,
      "win": 0.006948018528049408,
      "cash": 0.003088008234688626,
      "latest": 5.14668039114771E-4,
      "nokia": 7.720020586721565E-4,
      "a": 0.22233659289758106,
      "wordwithletternumber": 0.022645393721049924,
      "new": 0.012609366958311889,
      "mobile": 0.0033453422542460112,
      "i": 0.45290787442099845,
      "draw": 0.001544004117344313,
      "my": 0.15182707153885744,
      "call": 0.050437467833247554,
      "money": 0.013638703036541432,
      "stop": 0.007205352547606794,
      "service": 0.0012866700977869274,
      "to": 0.319094184251158,
      "landline": 5.14668039114771E-4,
      "customer": 0.002058672156459084
    }
  }
}