{
  "totalRecords": 4502,
  "totalSpamRecords": 596,
  "totalNonSpamRecords": 3906,
  "spamFeatures": {
    "conditionalProbabilityMap": {
      "code": 0.04013377926421405,
      "tone": 0.06856187290969899,
      "line": 0.0451505016722408,
      "phonenumber": 0.939799331103679,
      "for": 0.26755852842809363,
      "box": 0.0451505016722408,
      "your": 0.5434782608695652,
      "prize": 0.11705685618729098,
      "our": 0.11036789297658862,
      "now": 0.27759197324414714,
      "contact": 0.07023411371237458,
      "claim": 0.14046822742474915,
      "from": 0.17224080267558528,
      "text": 0.431438127090301,
      "free": 0.30267558528428096,
      "reply": 0.14214046822742474,
      "per": 0.06354515050167224,
      "win": 0.20234113712374582,
      "cash": 0.08528428093645485,
      "nokia": 0.07859531772575251,
      "a": 0.5066889632107023,
      "wordwithletternumber": 0.7709030100334449,
      "new": 0.10033444816053512,
      "awarded": 0.05351170568561873,
      "18": 0.07190635451505016,
      "mobile": 0.16555183946488294,
      "ringtone": 0.046822742474916385,
      "i": 0.06521739130434782,
      "guaranteed": 0.061872909698996656,
      "draw": 0.05016722408026756,
      "my": 0.016722408026755852,
      "call": 0.46153846153846156,
      "150p": 0.03678929765886288,
      "money": 0.4431438127090301,
      "stop": 0.17391304347826086,
      "service": 0.07692307692307693,
      "to": 0.9113712374581939,
      "landline": 0.046822742474916385,
      "150ppm": 0.046822742474916385,
      "customer": 0.06856187290969899
    }
  },
  "nonspamFeatures": {
    "conditionalProbabilityMap": {
      "code": 5.117707267144319E-4,
      "line": 0.0015353121801432957,
      "for": 0.10644831115660185,
      "phonenumber": 7.676560900716479E-4,
      "box": 0.0015353121801432957,
      "your": 0.140992835209826,
      "our": 0.011770726714431934,
      "now": 0.06192425793244626,
      "contact": 0.0028147389969293756,
      "from": 0.03224155578300921,
      "text": 0.022517911975435005,
      "per": 0.0023029682702149436,
      "free": 0.014329580348004094,
      "reply": 0.00895598771750256,
      "win": 0.007420675537359263,
      "cash": 0.0028147389969293756,
      "nokia": 0.0010235414534288639,
      "a": 0.22824974411463664,
      "wordwithletternumber": 0.02686796315250768,
      "new": 0.013817809621289662,
      "mobile": 0.0033265097236438077,
      "i": 0.46289662231320367,
      "draw": 0.00127942681678608,
      "my": 0.1586489252814739,
      "call": 0.04836233367451382,
      "money": 0.015609007164790174,
      "stop": 0.007420675537359263,
      "service": 7.676560900716479E-4,
      "to": 0.3272773797338792,
      "landline": 5.117707267144319E-4,
      "customer": 0.00127942681678608
    }
  }
}